{
    "edges": [
        {
            "id": "e631694c-acfe-43ce-9f0f-3ba40f0f6edd",
            "source_id": "5299cb95-e6fd-42b8-a210-45450cd55c90",
            "target_id": "6bae1699-2bc5-4a77-8ac6-77866353c160"
        },
        {
            "id": "16bc7304-da2e-49a4-98ce-8b295b4f5cc1",
            "source_id": "cf11fc65-d6a7-4d3a-8f5d-a3061cacb295",
            "target_id": "5299cb95-e6fd-42b8-a210-45450cd55c90"
        },
        {
            "id": "caff5c7d-ffc1-4527-abff-f08788ad80e5",
            "source_id": "99e3a7d4-4193-420b-b65b-33c747e50535",
            "target_id": "6bae1699-2bc5-4a77-8ac6-77866353c160"
        },
        {
            "id": "8134448e-e3e4-4303-8afa-3fc598cc22f3",
            "source_id": "cba53131-93c3-4e59-8f5d-56a7fe220a79",
            "target_id": "99e3a7d4-4193-420b-b65b-33c747e50535"
        },
        {
            "id": "4b2b678a-6b94-46cd-b831-de574200793d",
            "source_id": "4f7e3905-a295-4c0e-b13f-c53a6f6611e9",
            "target_id": "6bae1699-2bc5-4a77-8ac6-77866353c160"
        },
        {
            "id": "337a6955-e1c4-4d44-b7b9-a1c5b97324ba",
            "source_id": "e9436047-b916-414f-81c3-33d17cb4c784",
            "target_id": "4f7e3905-a295-4c0e-b13f-c53a6f6611e9"
        },
        {
            "id": "afd70b3b-c2b3-424f-9c04-d97a2db3e8f3",
            "source_id": "04fc7705-e19d-4e6e-834d-5969ee7ad751",
            "target_id": "6bae1699-2bc5-4a77-8ac6-77866353c160"
        },
        {
            "id": "1299c555-d0e1-436e-848c-67fbdeaf9be6",
            "source_id": "e1e4c367-56c3-437c-b6c7-a98ea608af87",
            "target_id": "04fc7705-e19d-4e6e-834d-5969ee7ad751"
        }
    ],
    "metadata": {
        "core": {
            "analyst_email": "user@email.address",
            "analyst_name": "A User",
            "claim": "6bae1699-2bc5-4a77-8ac6-77866353c160",
            "created": "2021-03-30T18:00:19",
            "edited": "2021-03-30T18:00:19",
            "id": "4d5736ba-ce18-43cb-9847-ad60fb914693",
            "title": "A non-monetary economy would be ideal",
            "version": "0.5"
        }
    },
    "nodes": [
        {
            "id": "6bae1699-2bc5-4a77-8ac6-77866353c160",
            "metadata": {
                "core": {}
            },
            "sources": [],
            "text": "A non-monetary economy would be ideal",
            "type": "atom"
        },
        {
            "id": "5299cb95-e6fd-42b8-a210-45450cd55c90",
            "metadata": {
                "core": {}
            },
            "name": "support",
            "type": "scheme"
        },
        {
            "id": "cf11fc65-d6a7-4d3a-8f5d-a3061cacb295",
            "metadata": {
                "core": {}
            },
            "sources": [],
            "text": "The trend towards automation will make many jobs obselete. A non-monetary economy is the best system to deal with the resulting unemployment",
            "type": "atom"
        },
        {
            "id": "99e3a7d4-4193-420b-b65b-33c747e50535",
            "metadata": {
                "core": {}
            },
            "name": "conflict",
            "type": "scheme"
        },
        {
            "id": "cba53131-93c3-4e59-8f5d-56a7fe220a79",
            "metadata": {
                "core": {}
            },
            "sources": [],
            "text": "I feel there is always someone who takes advantage of the system",
            "type": "atom"
        },
        {
            "id": "4f7e3905-a295-4c0e-b13f-c53a6f6611e9",
            "metadata": {
                "core": {}
            },
            "name": "support",
            "type": "scheme"
        },
        {
            "id": "e9436047-b916-414f-81c3-33d17cb4c784",
            "metadata": {
                "core": {}
            },
            "sources": [],
            "text": "MON MARX",
            "type": "atom"
        },
        {
            "id": "04fc7705-e19d-4e6e-834d-5969ee7ad751",
            "metadata": {
                "core": {}
            },
            "name": "conflict",
            "type": "scheme"
        },
        {
            "id": "e1e4c367-56c3-437c-b6c7-a98ea608af87",
            "metadata": {
                "core": {}
            },
            "sources": [],
            "text": "No, that would be too complicated. Who decides how much something is worth ",
            "type": "atom"
        }
    ],
    "resources": []
}