{
    "edges": [
        {
            "id": "886edea4-8bfd-4c84-98d5-693e0a8b845b",
            "source_id": "e23432d1-1414-48da-9aea-59c7c2c136f2",
            "target_id": "11d77dcf-27e0-4ab9-b5c6-da61cabce717"
        },
        {
            "id": "0a64d311-108c-473c-ae40-c5cf769e8162",
            "source_id": "83a18e7a-7cd8-4173-967d-92f373310302",
            "target_id": "e23432d1-1414-48da-9aea-59c7c2c136f2"
        },
        {
            "id": "4acbaa6d-4442-4189-9245-d9a97737c276",
            "source_id": "6ef67ea8-73d0-4ca3-ae2a-aa0f754a32fa",
            "target_id": "11d77dcf-27e0-4ab9-b5c6-da61cabce717"
        },
        {
            "id": "de529c7d-dd9d-4d62-8e57-fc27c4688665",
            "source_id": "cbb90c07-5dcb-49a4-839b-695d2a3b599e",
            "target_id": "6ef67ea8-73d0-4ca3-ae2a-aa0f754a32fa"
        },
        {
            "id": "8a86b8c1-8844-42f3-be12-5dc7c009d94a",
            "source_id": "4349403e-1142-428b-9938-831639ec4bea",
            "target_id": "11d77dcf-27e0-4ab9-b5c6-da61cabce717"
        },
        {
            "id": "3fdd6479-ab56-4609-89a5-afb3ad06b4fc",
            "source_id": "cfda800a-5505-4358-8f36-6f7b38c35f82",
            "target_id": "4349403e-1142-428b-9938-831639ec4bea"
        }
    ],
    "metadata": {
        "core": {
            "analyst_email": "user@email.address",
            "analyst_name": "A User",
            "claim": "11d77dcf-27e0-4ab9-b5c6-da61cabce717",
            "created": "2021-03-30T18:00:40",
            "edited": "2021-03-30T18:00:40",
            "id": "7996bbdd-b009-4daa-950d-5753b7210ff8",
            "title": "Aliens are real",
            "version": "0.5"
        }
    },
    "nodes": [
        {
            "id": "11d77dcf-27e0-4ab9-b5c6-da61cabce717",
            "metadata": {
                "core": {}
            },
            "sources": [],
            "text": "Aliens are real",
            "type": "atom"
        },
        {
            "id": "e23432d1-1414-48da-9aea-59c7c2c136f2",
            "metadata": {
                "core": {}
            },
            "name": "conflict",
            "type": "scheme"
        },
        {
            "id": "83a18e7a-7cd8-4173-967d-92f373310302",
            "metadata": {
                "core": {}
            },
            "sources": [],
            "text": "There is no clear evidence for the existence of alien life",
            "type": "atom"
        },
        {
            "id": "6ef67ea8-73d0-4ca3-ae2a-aa0f754a32fa",
            "metadata": {
                "core": {}
            },
            "name": "support",
            "type": "scheme"
        },
        {
            "id": "cbb90c07-5dcb-49a4-839b-695d2a3b599e",
            "metadata": {
                "core": {}
            },
            "sources": [],
            "text": "Due to the size and age of the universe, there exists an extremely high number of planets on which life could emerge and thrive",
            "type": "atom"
        },
        {
            "id": "4349403e-1142-428b-9938-831639ec4bea",
            "metadata": {
                "core": {}
            },
            "name": "support",
            "type": "scheme"
        },
        {
            "id": "cfda800a-5505-4358-8f36-6f7b38c35f82",
            "metadata": {
                "core": {}
            },
            "sources": [],
            "text": "Have you seen american horror story Assylum",
            "type": "atom"
        }
    ],
    "resources": []
}