{
    "edges": [
        {
            "id": "f857b11d-a382-4e49-8763-805fdb7121d5",
            "source_id": "1e9b2eec-6683-4e2c-b7e6-69adf34d2abe",
            "target_id": "37915f31-8265-45e0-9f11-5ef879dc907f"
        },
        {
            "id": "57d7efde-131a-45ef-bc96-81848f80ac61",
            "source_id": "f73999b0-e68a-4117-acdd-d5790bcea015",
            "target_id": "1e9b2eec-6683-4e2c-b7e6-69adf34d2abe"
        },
        {
            "id": "e8c30bfd-1e6c-4f59-8e33-50a421b41374",
            "source_id": "49b4ddd6-037d-42e9-ae4c-ce23037a06e6",
            "target_id": "f73999b0-e68a-4117-acdd-d5790bcea015"
        },
        {
            "id": "8cd45c35-f942-4ae3-8c0a-f72eaede6cf1",
            "source_id": "8bbfa4cc-99c1-4f4c-8728-85cc207abcaa",
            "target_id": "49b4ddd6-037d-42e9-ae4c-ce23037a06e6"
        },
        {
            "id": "533dedbd-3a4e-4a0c-a596-89f053079278",
            "source_id": "53f8b3e0-20d9-4b87-876b-417b856a2284",
            "target_id": "37915f31-8265-45e0-9f11-5ef879dc907f"
        },
        {
            "id": "affa592e-4928-43ea-9f03-494a72ecae97",
            "source_id": "a5119e78-d86f-425d-9ce9-7b348d8f9e94",
            "target_id": "53f8b3e0-20d9-4b87-876b-417b856a2284"
        },
        {
            "id": "3c81f51a-5846-44f1-a203-3d91b6e2a1f7",
            "source_id": "66f7b839-5186-4163-8981-8a89dacdd8d1",
            "target_id": "37915f31-8265-45e0-9f11-5ef879dc907f"
        },
        {
            "id": "eb482fa8-33a9-4fe2-981a-8b70fba1c354",
            "source_id": "9b4a0782-22ab-4a4c-b656-f1392a3a4077",
            "target_id": "66f7b839-5186-4163-8981-8a89dacdd8d1"
        }
    ],
    "metadata": {
        "core": {
            "analyst_email": "user@email.address",
            "analyst_name": "A User",
            "claim": "37915f31-8265-45e0-9f11-5ef879dc907f",
            "created": "2021-03-30T18:00:53",
            "edited": "2021-03-30T18:00:53",
            "id": "b9e0f542-fd11-4f43-bec3-6abb9fc70c51",
            "title": "All Humans Should Be Vegan",
            "version": "0.5"
        }
    },
    "nodes": [
        {
            "id": "37915f31-8265-45e0-9f11-5ef879dc907f",
            "metadata": {
                "core": {}
            },
            "sources": [],
            "text": "All Humans Should Be Vegan",
            "type": "atom"
        },
        {
            "id": "1e9b2eec-6683-4e2c-b7e6-69adf34d2abe",
            "metadata": {
                "core": {}
            },
            "name": "support",
            "type": "scheme"
        },
        {
            "id": "f73999b0-e68a-4117-acdd-d5790bcea015",
            "metadata": {
                "core": {}
            },
            "sources": [],
            "text": "A vegan society has environmental advantages",
            "type": "atom"
        },
        {
            "id": "49b4ddd6-037d-42e9-ae4c-ce23037a06e6",
            "metadata": {
                "core": {}
            },
            "name": "support",
            "type": "scheme"
        },
        {
            "id": "8bbfa4cc-99c1-4f4c-8728-85cc207abcaa",
            "metadata": {
                "core": {}
            },
            "sources": [],
            "text": "But what about milk production of cows? whos gonna drink the milk? don't want animals to go extinct there needs to be a better balance",
            "type": "atom"
        },
        {
            "id": "53f8b3e0-20d9-4b87-876b-417b856a2284",
            "metadata": {
                "core": {}
            },
            "name": "conflict",
            "type": "scheme"
        },
        {
            "id": "a5119e78-d86f-425d-9ce9-7b348d8f9e94",
            "metadata": {
                "core": {}
            },
            "sources": [],
            "text": "I like burgers",
            "type": "atom"
        },
        {
            "id": "66f7b839-5186-4163-8981-8a89dacdd8d1",
            "metadata": {
                "core": {}
            },
            "name": "support",
            "type": "scheme"
        },
        {
            "id": "9b4a0782-22ab-4a4c-b656-f1392a3a4077",
            "metadata": {
                "core": {}
            },
            "sources": [],
            "text": "But bacon is so good",
            "type": "atom"
        }
    ],
    "resources": []
}