{
    "edges": [
        {
            "id": "13c5dd21-9014-4d35-9ccc-52fd666d9fa6",
            "source_id": "c8c8ccf2-8ff5-447c-b80f-c7c2dbdb33c8",
            "target_id": "b7567b33-e4a4-4a79-bbd9-3ef4685809a3"
        },
        {
            "id": "155aca80-ef21-4019-ac55-650f8a878b29",
            "source_id": "596f4fff-9499-4b85-b81d-8181dd157960",
            "target_id": "c8c8ccf2-8ff5-447c-b80f-c7c2dbdb33c8"
        },
        {
            "id": "ba6ee5a5-b889-4c6c-9cdb-ea9f00acc173",
            "source_id": "db0c24c2-31a1-4cd2-aa48-d651f47a0896",
            "target_id": "b7567b33-e4a4-4a79-bbd9-3ef4685809a3"
        },
        {
            "id": "ae29d5b6-28c1-4db8-a2c3-0bb9f54d8344",
            "source_id": "007a5bd7-b7ce-4e26-bfb2-bc5e08bbe4d3",
            "target_id": "db0c24c2-31a1-4cd2-aa48-d651f47a0896"
        },
        {
            "id": "6e7fa296-fc78-432b-9395-8624fe5da731",
            "source_id": "f50c2617-bd0e-4f0f-8125-28766cde6b99",
            "target_id": "b7567b33-e4a4-4a79-bbd9-3ef4685809a3"
        },
        {
            "id": "491c2f78-f70a-4e93-b19a-936949b256c9",
            "source_id": "d3ffe5ce-47b3-482c-9960-bf557719d617",
            "target_id": "f50c2617-bd0e-4f0f-8125-28766cde6b99"
        },
        {
            "id": "6fdc27f7-c733-4c8d-b738-3da42a826fc0",
            "source_id": "dd7a3af1-5a71-44d0-adea-eb939dbdea52",
            "target_id": "b7567b33-e4a4-4a79-bbd9-3ef4685809a3"
        },
        {
            "id": "e3c9b145-fd7e-420b-9029-e66c75fcddab",
            "source_id": "44c74328-8e05-4dd0-b89f-3039919da0a7",
            "target_id": "dd7a3af1-5a71-44d0-adea-eb939dbdea52"
        }
    ],
    "metadata": {
        "core": {
            "analyst_email": "user@email.address",
            "analyst_name": "A User",
            "claim": "b7567b33-e4a4-4a79-bbd9-3ef4685809a3",
            "created": "2021-03-30T18:01:12",
            "edited": "2021-03-30T18:01:12",
            "id": "b16a37e0-8b16-48a5-ba21-ae2f8e00905a",
            "title": "Documentaries aren't films",
            "version": "0.5"
        }
    },
    "nodes": [
        {
            "id": "b7567b33-e4a4-4a79-bbd9-3ef4685809a3",
            "metadata": {
                "core": {}
            },
            "sources": [],
            "text": "Documentaries aren't films",
            "type": "atom"
        },
        {
            "id": "c8c8ccf2-8ff5-447c-b80f-c7c2dbdb33c8",
            "metadata": {
                "core": {}
            },
            "name": "conflict",
            "type": "scheme"
        },
        {
            "id": "596f4fff-9499-4b85-b81d-8181dd157960",
            "metadata": {
                "core": {}
            },
            "sources": [],
            "text": "how are they filmed. suppose you could use documented but that has a broader spectrum rather than a film cause a documentary is essentially recorded on film (dont know if they still are)",
            "type": "atom"
        },
        {
            "id": "db0c24c2-31a1-4cd2-aa48-d651f47a0896",
            "metadata": {
                "core": {}
            },
            "name": "conflict",
            "type": "scheme"
        },
        {
            "id": "007a5bd7-b7ce-4e26-bfb2-bc5e08bbe4d3",
            "metadata": {
                "core": {}
            },
            "sources": [],
            "text": "They are if made right",
            "type": "atom"
        },
        {
            "id": "f50c2617-bd0e-4f0f-8125-28766cde6b99",
            "metadata": {
                "core": {}
            },
            "name": "conflict",
            "type": "scheme"
        },
        {
            "id": "d3ffe5ce-47b3-482c-9960-bf557719d617",
            "metadata": {
                "core": {}
            },
            "sources": [],
            "text": "Very dependent on the documentary though",
            "type": "atom"
        },
        {
            "id": "dd7a3af1-5a71-44d0-adea-eb939dbdea52",
            "metadata": {
                "core": {}
            },
            "name": "support",
            "type": "scheme"
        },
        {
            "id": "44c74328-8e05-4dd0-b89f-3039919da0a7",
            "metadata": {
                "core": {}
            },
            "sources": [],
            "text": "This is a wise, true; very good \"statement\"",
            "type": "atom"
        }
    ],
    "resources": []
}