{
    "edges": [
        {
            "id": "77a2aeb5-705b-4e85-8b87-4a65d2b8e0af",
            "source_id": "4c3c3bce-0bd7-403d-b2a6-ec10fbb4df93",
            "target_id": "63a5e562-47f1-4b31-bf5e-f26b29f0b87f"
        },
        {
            "id": "76f5fc55-f71f-4b88-8a5e-defd062a70d3",
            "source_id": "35a4613a-d4d3-442e-a1b6-809642fae869",
            "target_id": "4c3c3bce-0bd7-403d-b2a6-ec10fbb4df93"
        },
        {
            "id": "d1af0781-7fc3-4106-bbf7-8b16b1e70c9f",
            "source_id": "4262b880-a0d5-46df-9eb6-64ebbfcca10d",
            "target_id": "63a5e562-47f1-4b31-bf5e-f26b29f0b87f"
        },
        {
            "id": "c22de967-643a-47bb-96ac-b6113f67a47b",
            "source_id": "96136927-afe3-49f5-861a-38ba1161055b",
            "target_id": "4262b880-a0d5-46df-9eb6-64ebbfcca10d"
        },
        {
            "id": "7ee37bb9-4aec-4c0f-b8dd-59080178eccf",
            "source_id": "d4383021-5489-491d-82b6-5ef803b53b07",
            "target_id": "63a5e562-47f1-4b31-bf5e-f26b29f0b87f"
        },
        {
            "id": "1d618c2d-a8ef-41e9-8226-bd09f01c0c5c",
            "source_id": "4ea2edd6-f200-4f14-b7f0-0c8c8b59f2ef",
            "target_id": "d4383021-5489-491d-82b6-5ef803b53b07"
        },
        {
            "id": "74471ecb-50e7-408b-bf26-c5017153539c",
            "source_id": "6cab2d22-0fcf-492f-b740-c641b7d26922",
            "target_id": "63a5e562-47f1-4b31-bf5e-f26b29f0b87f"
        },
        {
            "id": "54af0c10-15cc-4e70-ae2c-b646f12ee63c",
            "source_id": "3d464058-c9a6-46d0-9720-efb855d66360",
            "target_id": "6cab2d22-0fcf-492f-b740-c641b7d26922"
        },
        {
            "id": "5a9fe64a-bc15-461f-bde7-98dc161d8de0",
            "source_id": "d9a48b52-3a5f-4a5f-9160-43eb5941bb98",
            "target_id": "63a5e562-47f1-4b31-bf5e-f26b29f0b87f"
        },
        {
            "id": "c9cf3a73-720e-4980-8dcd-cdc1a94ff20f",
            "source_id": "81009abf-ca97-466b-b840-9642c8facea8",
            "target_id": "d9a48b52-3a5f-4a5f-9160-43eb5941bb98"
        },
        {
            "id": "4e869146-d564-4621-802f-62d4075d289b",
            "source_id": "e7cf0012-2598-4f95-99a9-a052d5eb263e",
            "target_id": "35a4613a-d4d3-442e-a1b6-809642fae869"
        },
        {
            "id": "c752ae5c-596c-4ec0-b469-b7d02838e629",
            "source_id": "c51df12f-8dae-4f10-b229-8dd53528367a",
            "target_id": "e7cf0012-2598-4f95-99a9-a052d5eb263e"
        },
        {
            "id": "52d7c473-3595-4375-a830-9cad74ef46d7",
            "source_id": "26da75a1-7360-49e1-9350-8f3e29c2e9f7",
            "target_id": "63a5e562-47f1-4b31-bf5e-f26b29f0b87f"
        },
        {
            "id": "97d4b54a-c124-462b-8e33-bb7b8f8349b3",
            "source_id": "42e9e0d0-9677-4b47-b8f6-b22a9252b75b",
            "target_id": "26da75a1-7360-49e1-9350-8f3e29c2e9f7"
        },
        {
            "id": "0f4a1c53-db81-4e8e-bb3d-c5a91b420688",
            "source_id": "cab28faf-8593-405e-b2e0-b210382eb806",
            "target_id": "63a5e562-47f1-4b31-bf5e-f26b29f0b87f"
        },
        {
            "id": "3a4cb7b9-daf3-4c7b-88b5-a13f9fdc3e84",
            "source_id": "d2175e12-f76b-4c78-b0b5-1340efb466f0",
            "target_id": "cab28faf-8593-405e-b2e0-b210382eb806"
        }
    ],
    "metadata": {
        "core": {
            "analyst_email": "user@email.address",
            "analyst_name": "A User",
            "claim": "63a5e562-47f1-4b31-bf5e-f26b29f0b87f",
            "created": "2021-03-30T18:01:29",
            "edited": "2021-03-30T18:01:29",
            "id": "e018c8c4-32f0-4319-8a5e-0cf9358ae504",
            "title": "Pineapple does not belong on pizza",
            "version": "0.5"
        }
    },
    "nodes": [
        {
            "id": "63a5e562-47f1-4b31-bf5e-f26b29f0b87f",
            "metadata": {
                "core": {}
            },
            "sources": [],
            "text": "Pineapple does not belong on pizza",
            "type": "atom"
        },
        {
            "id": "4c3c3bce-0bd7-403d-b2a6-ec10fbb4df93",
            "metadata": {
                "core": {}
            },
            "name": "conflict",
            "type": "scheme"
        },
        {
            "id": "35a4613a-d4d3-442e-a1b6-809642fae869",
            "metadata": {
                "core": {}
            },
            "sources": [],
            "text": "People should be free to put what they want on their pizzas",
            "type": "atom"
        },
        {
            "id": "4262b880-a0d5-46df-9eb6-64ebbfcca10d",
            "metadata": {
                "core": {}
            },
            "name": "support",
            "type": "scheme"
        },
        {
            "id": "96136927-afe3-49f5-861a-38ba1161055b",
            "metadata": {
                "core": {}
            },
            "sources": [],
            "text": "Putting pineapple on pizza is not in keeping with the tradition of the dish",
            "type": "atom"
        },
        {
            "id": "d4383021-5489-491d-82b6-5ef803b53b07",
            "metadata": {
                "core": {}
            },
            "name": "support",
            "type": "scheme"
        },
        {
            "id": "4ea2edd6-f200-4f14-b7f0-0c8c8b59f2ef",
            "metadata": {
                "core": {}
            },
            "sources": [],
            "text": "Pizzas are not a fruit salad",
            "type": "atom"
        },
        {
            "id": "6cab2d22-0fcf-492f-b740-c641b7d26922",
            "metadata": {
                "core": {}
            },
            "name": "conflict",
            "type": "scheme"
        },
        {
            "id": "3d464058-c9a6-46d0-9720-efb855d66360",
            "metadata": {
                "core": {}
            },
            "sources": [],
            "text": "lies",
            "type": "atom"
        },
        {
            "id": "d9a48b52-3a5f-4a5f-9160-43eb5941bb98",
            "metadata": {
                "core": {}
            },
            "name": "support",
            "type": "scheme"
        },
        {
            "id": "81009abf-ca97-466b-b840-9642c8facea8",
            "metadata": {
                "core": {}
            },
            "sources": [],
            "text": "Devi's food disgusting ",
            "type": "atom"
        },
        {
            "id": "e7cf0012-2598-4f95-99a9-a052d5eb263e",
            "metadata": {
                "core": {}
            },
            "name": "conflict",
            "type": "scheme"
        },
        {
            "id": "c51df12f-8dae-4f10-b229-8dd53528367a",
            "metadata": {
                "core": {}
            },
            "sources": [],
            "text": "You're wrong mate",
            "type": "atom"
        },
        {
            "id": "26da75a1-7360-49e1-9350-8f3e29c2e9f7",
            "metadata": {
                "core": {}
            },
            "name": "support",
            "type": "scheme"
        },
        {
            "id": "42e9e0d0-9677-4b47-b8f6-b22a9252b75b",
            "metadata": {
                "core": {}
            },
            "sources": [],
            "text": "Fruit and veg should not belong where it isn't supposed to - carrot cake is a no no too",
            "type": "atom"
        },
        {
            "id": "cab28faf-8593-405e-b2e0-b210382eb806",
            "metadata": {
                "core": {}
            },
            "name": "conflict",
            "type": "scheme"
        },
        {
            "id": "d2175e12-f76b-4c78-b0b5-1340efb466f0",
            "metadata": {
                "core": {}
            },
            "sources": [],
            "text": "But some people like it",
            "type": "atom"
        }
    ],
    "resources": []
}