{
    "edges": [
        {
            "id": "c490b93b-3c9b-4052-80fa-395b940f6c7a",
            "source_id": "02ab7964-f5bc-4f0b-b5fd-da92f0bb35bd",
            "target_id": "bab89ba9-a06e-454d-9a1b-cf129cb068c4"
        },
        {
            "id": "a268a6f1-e557-4fe9-9124-5a40e92178da",
            "source_id": "d1e7829f-b62b-4f82-b0bc-7cfa368d7b0a",
            "target_id": "02ab7964-f5bc-4f0b-b5fd-da92f0bb35bd"
        }
    ],
    "metadata": {
        "core": {
            "analyst_email": "user@email.address",
            "analyst_name": "A User",
            "claim": "bab89ba9-a06e-454d-9a1b-cf129cb068c4",
            "created": "2021-04-02T15:19:41",
            "edited": "2021-04-02T15:19:41",
            "id": "bfdd050c-a306-46d5-8526-46b8247c7e75",
            "title": "Should fracking be allowed?",
            "version": "0.5"
        }
    },
    "nodes": [
        {
            "id": "bab89ba9-a06e-454d-9a1b-cf129cb068c4",
            "metadata": {
                "core": {}
            },
            "sources": [],
            "text": "Should fracking be allowed?",
            "type": "atom"
        },
        {
            "id": "02ab7964-f5bc-4f0b-b5fd-da92f0bb35bd",
            "metadata": {
                "core": {}
            },
            "name": "conflict",
            "type": "scheme"
        },
        {
            "id": "d1e7829f-b62b-4f82-b0bc-7cfa368d7b0a",
            "metadata": {
                "core": {}
            },
            "sources": [],
            "text": "Probs no",
            "type": "atom"
        }
    ],
    "resources": []
}