{
    "edges": [
        {
            "id": "d1b40882-dda7-4834-b291-a125435e96ed",
            "source_id": "9765ce09-6dbb-4684-b41f-0c480a7d668e",
            "target_id": "5db6d871-1d31-4dc9-ad08-d6272201e424"
        },
        {
            "id": "f494b691-c289-43c6-8503-ee7c0970d25a",
            "source_id": "22e2acf1-b157-44e6-a5ba-c2bc4d3980de",
            "target_id": "9765ce09-6dbb-4684-b41f-0c480a7d668e"
        },
        {
            "id": "85834faf-207d-45eb-b095-99c048e35b23",
            "source_id": "4927e52d-4649-4a9f-ae1e-0e23065d44d9",
            "target_id": "5db6d871-1d31-4dc9-ad08-d6272201e424"
        },
        {
            "id": "dc5ea4b6-a0b7-49de-97cd-52b76725d4c8",
            "source_id": "31b03cd9-71ac-4cab-85d0-445fcc3e7221",
            "target_id": "4927e52d-4649-4a9f-ae1e-0e23065d44d9"
        },
        {
            "id": "db32e681-bdd7-4cd9-b250-338f489c918a",
            "source_id": "36d3f595-e4f7-46c7-992a-9f2f4ca8ec62",
            "target_id": "22e2acf1-b157-44e6-a5ba-c2bc4d3980de"
        },
        {
            "id": "c1fd33a1-f59b-489b-a6b9-57d82a84135e",
            "source_id": "1eaccb17-b728-4caa-9cf6-5f1b094de7b8",
            "target_id": "36d3f595-e4f7-46c7-992a-9f2f4ca8ec62"
        },
        {
            "id": "dc645438-b427-4d5d-8334-b317937d9087",
            "source_id": "37c1f863-ca9f-45ca-b448-dc0428a36758",
            "target_id": "22e2acf1-b157-44e6-a5ba-c2bc4d3980de"
        },
        {
            "id": "9ee5062e-24f9-4fce-a985-1236469b98b6",
            "source_id": "505cda8f-2dd1-44e9-a860-cd6639745c3c",
            "target_id": "37c1f863-ca9f-45ca-b448-dc0428a36758"
        },
        {
            "id": "d8a3167e-2623-4db3-b69b-889a1f5c47bf",
            "source_id": "311c81f2-676c-4bfb-a3d8-898fc67c2465",
            "target_id": "5db6d871-1d31-4dc9-ad08-d6272201e424"
        },
        {
            "id": "e0742948-4ed7-4ee9-ba30-4ffbf04fe830",
            "source_id": "49eebecf-4ed2-4dc3-8986-ebc24b3ebbdb",
            "target_id": "311c81f2-676c-4bfb-a3d8-898fc67c2465"
        },
        {
            "id": "e0b72df4-4003-4f7c-9be6-289ea77b6949",
            "source_id": "7b7532f8-494d-47ba-b872-1bac2a72a8ff",
            "target_id": "5db6d871-1d31-4dc9-ad08-d6272201e424"
        },
        {
            "id": "3e853e78-73cb-4b7f-8fdc-72b135eb3cb2",
            "source_id": "75e52d4f-a7b3-410c-b824-0e16c91839d0",
            "target_id": "7b7532f8-494d-47ba-b872-1bac2a72a8ff"
        }
    ],
    "metadata": {
        "core": {
            "analyst_email": "user@email.address",
            "analyst_name": "A User",
            "claim": "5db6d871-1d31-4dc9-ad08-d6272201e424",
            "created": "2021-03-30T18:01:39",
            "edited": "2021-03-30T18:01:39",
            "id": "8763ffe4-7c6a-4894-853c-f081b87d4320",
            "title": "The Marvel Universe is better than the DC Universe",
            "version": "0.5"
        }
    },
    "nodes": [
        {
            "id": "5db6d871-1d31-4dc9-ad08-d6272201e424",
            "metadata": {
                "core": {}
            },
            "sources": [],
            "text": "The Marvel Universe is better than the DC Universe",
            "type": "atom"
        },
        {
            "id": "9765ce09-6dbb-4684-b41f-0c480a7d668e",
            "metadata": {
                "core": {}
            },
            "name": "support",
            "type": "scheme"
        },
        {
            "id": "22e2acf1-b157-44e6-a5ba-c2bc4d3980de",
            "metadata": {
                "core": {}
            },
            "sources": [],
            "text": "The modern marvel cinematic universe is of much higher quality than DC's",
            "type": "atom"
        },
        {
            "id": "4927e52d-4649-4a9f-ae1e-0e23065d44d9",
            "metadata": {
                "core": {}
            },
            "name": "conflict",
            "type": "scheme"
        },
        {
            "id": "31b03cd9-71ac-4cab-85d0-445fcc3e7221",
            "metadata": {
                "core": {}
            },
            "sources": [],
            "text": "DC have evolved their comics and characters much more than marvel, giving fans much more to look at",
            "type": "atom"
        },
        {
            "id": "36d3f595-e4f7-46c7-992a-9f2f4ca8ec62",
            "metadata": {
                "core": {}
            },
            "name": "support",
            "type": "scheme"
        },
        {
            "id": "1eaccb17-b728-4caa-9cf6-5f1b094de7b8",
            "metadata": {
                "core": {}
            },
            "sources": [],
            "text": "Justice league was bull wanda vision for lifeee",
            "type": "atom"
        },
        {
            "id": "37c1f863-ca9f-45ca-b448-dc0428a36758",
            "metadata": {
                "core": {}
            },
            "name": "support",
            "type": "scheme"
        },
        {
            "id": "505cda8f-2dd1-44e9-a860-cd6639745c3c",
            "metadata": {
                "core": {}
            },
            "sources": [],
            "text": "Marvel characters are better",
            "type": "atom"
        },
        {
            "id": "311c81f2-676c-4bfb-a3d8-898fc67c2465",
            "metadata": {
                "core": {}
            },
            "name": "support",
            "type": "scheme"
        },
        {
            "id": "49eebecf-4ed2-4dc3-8986-ebc24b3ebbdb",
            "metadata": {
                "core": {}
            },
            "sources": [],
            "text": "The movies are far better imo",
            "type": "atom"
        },
        {
            "id": "7b7532f8-494d-47ba-b872-1bac2a72a8ff",
            "metadata": {
                "core": {}
            },
            "name": "support",
            "type": "scheme"
        },
        {
            "id": "75e52d4f-a7b3-410c-b824-0e16c91839d0",
            "metadata": {
                "core": {}
            },
            "sources": [],
            "text": "I don't watch a lot of DC but from what I've seen I much prefer MARVEL",
            "type": "atom"
        }
    ],
    "resources": []
}