{
    "edges": [
        {
            "id": "10e51bdb-292b-41e0-b5c2-2a7fbcca6b6c",
            "source_id": "39737825-d525-4d43-b61e-aa4ac7f12403",
            "target_id": "ef9a49d0-70e7-4c88-b83c-a752f9ba7c99"
        },
        {
            "id": "09b0c272-5017-4eba-828b-3a29c3ec8237",
            "source_id": "7d9d6d2e-fa00-4c1a-b0a1-beaca143a7ab",
            "target_id": "39737825-d525-4d43-b61e-aa4ac7f12403"
        },
        {
            "id": "61e97ad5-8320-415c-a824-d3458acf88a6",
            "source_id": "17753a2b-8595-406a-8b56-164b48ab6db8",
            "target_id": "ef9a49d0-70e7-4c88-b83c-a752f9ba7c99"
        },
        {
            "id": "c61bee10-d952-408c-a0f8-c6e11d7c6ee4",
            "source_id": "c88b3e5e-2890-47a1-a234-a23324770c9d",
            "target_id": "17753a2b-8595-406a-8b56-164b48ab6db8"
        },
        {
            "id": "0d27cbf3-94e8-4a69-8ec2-b9a645148833",
            "source_id": "b908df21-fcd2-4089-af79-64442c4230ee",
            "target_id": "ef9a49d0-70e7-4c88-b83c-a752f9ba7c99"
        },
        {
            "id": "c7799cb4-3ce1-4a1b-8953-811534ad8e05",
            "source_id": "7708a7f5-9310-40b5-86ff-9cdff1c7ec8e",
            "target_id": "b908df21-fcd2-4089-af79-64442c4230ee"
        },
        {
            "id": "e0c5093d-f244-47af-994a-5228b2756e79",
            "source_id": "9a04992f-97b5-4c19-a8be-ca6a52177814",
            "target_id": "ef9a49d0-70e7-4c88-b83c-a752f9ba7c99"
        },
        {
            "id": "d46b02a6-492c-41bb-8383-96e54567cd15",
            "source_id": "998962c9-56ad-4261-b08b-e1ed26a6d792",
            "target_id": "9a04992f-97b5-4c19-a8be-ca6a52177814"
        },
        {
            "id": "a13aa8ef-b2fa-46c1-ae5f-4a8b7b40e8fd",
            "source_id": "35f9c951-5389-4b37-bbce-34c22c814334",
            "target_id": "ef9a49d0-70e7-4c88-b83c-a752f9ba7c99"
        },
        {
            "id": "1599cd2d-fbbb-4f92-9a96-669d15039be6",
            "source_id": "4de5b521-1cfa-4066-97a9-0ecfecb0e520",
            "target_id": "35f9c951-5389-4b37-bbce-34c22c814334"
        }
    ],
    "metadata": {
        "core": {
            "analyst_email": "user@email.address",
            "analyst_name": "A User",
            "claim": "ef9a49d0-70e7-4c88-b83c-a752f9ba7c99",
            "created": "2021-03-30T18:01:50",
            "edited": "2021-03-30T18:01:50",
            "id": "a7fd2d8f-2618-4ac5-8c4a-7f2174bf9b68",
            "title": "We exist within a computer simulated reality",
            "version": "0.5"
        }
    },
    "nodes": [
        {
            "id": "ef9a49d0-70e7-4c88-b83c-a752f9ba7c99",
            "metadata": {
                "core": {}
            },
            "sources": [],
            "text": "We exist within a computer simulated reality",
            "type": "atom"
        },
        {
            "id": "39737825-d525-4d43-b61e-aa4ac7f12403",
            "metadata": {
                "core": {}
            },
            "name": "conflict",
            "type": "scheme"
        },
        {
            "id": "7d9d6d2e-fa00-4c1a-b0a1-beaca143a7ab",
            "metadata": {
                "core": {}
            },
            "sources": [],
            "text": "There is no concrete evidence to suggest we exist within a simulated reality",
            "type": "atom"
        },
        {
            "id": "17753a2b-8595-406a-8b56-164b48ab6db8",
            "metadata": {
                "core": {}
            },
            "name": "support",
            "type": "scheme"
        },
        {
            "id": "c88b3e5e-2890-47a1-a234-a23324770c9d",
            "metadata": {
                "core": {}
            },
            "sources": [],
            "text": "If it were possible to simulate, it would be highly probable that one existed",
            "type": "atom"
        },
        {
            "id": "b908df21-fcd2-4089-af79-64442c4230ee",
            "metadata": {
                "core": {}
            },
            "name": "support",
            "type": "scheme"
        },
        {
            "id": "7708a7f5-9310-40b5-86ff-9cdff1c7ec8e",
            "metadata": {
                "core": {}
            },
            "sources": [],
            "text": "who knows, rick and morty made a universe to power a space ship so whose to say god didn't do the same",
            "type": "atom"
        },
        {
            "id": "9a04992f-97b5-4c19-a8be-ca6a52177814",
            "metadata": {
                "core": {}
            },
            "name": "support",
            "type": "scheme"
        },
        {
            "id": "998962c9-56ad-4261-b08b-e1ed26a6d792",
            "metadata": {
                "core": {}
            },
            "sources": [],
            "text": "Someone has programmed me badly",
            "type": "atom"
        },
        {
            "id": "35f9c951-5389-4b37-bbce-34c22c814334",
            "metadata": {
                "core": {}
            },
            "name": "conflict",
            "type": "scheme"
        },
        {
            "id": "4de5b521-1cfa-4066-97a9-0ecfecb0e520",
            "metadata": {
                "core": {}
            },
            "sources": [],
            "text": "I feel like if we were we would have had updates wiping out the obvious glitches - racism, homophobia",
            "type": "atom"
        }
    ],
    "resources": []
}