{
    "edges": [
        {
            "id": "3569b8a5-4dda-4e9e-91e1-9f0cb5f8b46b",
            "source_id": "66d04e52-57d1-4a95-b82a-88c1e5e30d07",
            "target_id": "4feab9a3-f75b-40f5-b88d-1ddf54696035"
        },
        {
            "id": "00e1b817-c4c6-4eb3-8f2d-8dca239b3d62",
            "source_id": "e8071a1c-5888-408c-9a5f-b89e58788121",
            "target_id": "66d04e52-57d1-4a95-b82a-88c1e5e30d07"
        },
        {
            "id": "3912fef2-aa19-4821-bb2c-fdc1ab6cd443",
            "source_id": "12e36bdf-59e3-4e02-a49a-0618a8e1ec38",
            "target_id": "4feab9a3-f75b-40f5-b88d-1ddf54696035"
        },
        {
            "id": "f7e7eb41-e7cb-40e7-8129-73e9b32ab109",
            "source_id": "5f7612a8-f472-4fde-b976-1b03f6afb44d",
            "target_id": "12e36bdf-59e3-4e02-a49a-0618a8e1ec38"
        },
        {
            "id": "4d5291d7-1b51-4db5-9e80-f04f1a08ed6f",
            "source_id": "b7df047d-afab-47cc-adf0-8251bfca7fcc",
            "target_id": "4feab9a3-f75b-40f5-b88d-1ddf54696035"
        },
        {
            "id": "e1362f37-619f-407f-8e8d-f40c35980f88",
            "source_id": "e7b3ffc7-7829-4bd4-8828-eb3a07abd2c2",
            "target_id": "b7df047d-afab-47cc-adf0-8251bfca7fcc"
        },
        {
            "id": "b4e9fc67-a783-4691-873b-e70478d3e57f",
            "source_id": "2f94c024-d9c5-4b21-a2a5-b62b723b3d5d",
            "target_id": "4feab9a3-f75b-40f5-b88d-1ddf54696035"
        },
        {
            "id": "8fdf9ef2-7d47-4f2b-8d1a-6af7f5759592",
            "source_id": "f4963c79-3dd1-4ff2-a800-6b3696690be0",
            "target_id": "2f94c024-d9c5-4b21-a2a5-b62b723b3d5d"
        },
        {
            "id": "d1fef75c-2ccb-4564-9b0e-ad6b81651d9e",
            "source_id": "5f6579ac-d858-41db-bbe9-213f7ff97d15",
            "target_id": "4feab9a3-f75b-40f5-b88d-1ddf54696035"
        },
        {
            "id": "93262e12-53d2-486d-9ee3-25a77be40132",
            "source_id": "7a1ac9c4-9802-4db7-a3b2-14e581835646",
            "target_id": "5f6579ac-d858-41db-bbe9-213f7ff97d15"
        }
    ],
    "metadata": {
        "core": {
            "analyst_email": "user@email.address",
            "analyst_name": "A User",
            "claim": "4feab9a3-f75b-40f5-b88d-1ddf54696035",
            "created": "2021-03-30T18:02:00",
            "edited": "2021-03-30T18:02:00",
            "id": "5a92d108-9834-4ee8-a5e8-17721d14b158",
            "title": "Zoos should be banned",
            "version": "0.5"
        }
    },
    "nodes": [
        {
            "id": "4feab9a3-f75b-40f5-b88d-1ddf54696035",
            "metadata": {
                "core": {}
            },
            "sources": [],
            "text": "Zoos should be banned",
            "type": "atom"
        },
        {
            "id": "66d04e52-57d1-4a95-b82a-88c1e5e30d07",
            "metadata": {
                "core": {}
            },
            "name": "conflict",
            "type": "scheme"
        },
        {
            "id": "e8071a1c-5888-408c-9a5f-b89e58788121",
            "metadata": {
                "core": {}
            },
            "sources": [],
            "text": "Zoos play a critical role in the conservation of endangered species",
            "type": "atom"
        },
        {
            "id": "12e36bdf-59e3-4e02-a49a-0618a8e1ec38",
            "metadata": {
                "core": {}
            },
            "name": "support",
            "type": "scheme"
        },
        {
            "id": "5f7612a8-f472-4fde-b976-1b03f6afb44d",
            "metadata": {
                "core": {}
            },
            "sources": [],
            "text": "The benefits that zoos provide can be gained through more ethical methods",
            "type": "atom"
        },
        {
            "id": "b7df047d-afab-47cc-adf0-8251bfca7fcc",
            "metadata": {
                "core": {}
            },
            "name": "support",
            "type": "scheme"
        },
        {
            "id": "e7b3ffc7-7829-4bd4-8828-eb3a07abd2c2",
            "metadata": {
                "core": {}
            },
            "sources": [],
            "text": "In their current format yes (really they should be sanctuarys and not brought there on purpose just for viewing.",
            "type": "atom"
        },
        {
            "id": "2f94c024-d9c5-4b21-a2a5-b62b723b3d5d",
            "metadata": {
                "core": {}
            },
            "name": "support",
            "type": "scheme"
        },
        {
            "id": "f4963c79-3dd1-4ff2-a800-6b3696690be0",
            "metadata": {
                "core": {}
            },
            "sources": [],
            "text": "They should be better for the animals and not for the viewers",
            "type": "atom"
        },
        {
            "id": "5f6579ac-d858-41db-bbe9-213f7ff97d15",
            "metadata": {
                "core": {}
            },
            "name": "conflict",
            "type": "scheme"
        },
        {
            "id": "7a1ac9c4-9802-4db7-a3b2-14e581835646",
            "metadata": {
                "core": {}
            },
            "sources": [],
            "text": "Those that do work for conservation and species management should be ok as long as conditions are good",
            "type": "atom"
        }
    ],
    "resources": []
}